asof,date,key,commodity,futures_root,source,underlying,underlying_spot,futures_price,net_gex,call_gex,put_gex,gamma_flip_futures,call_wall_futures,put_wall_futures,avg_iv,total_oi,contracts,map_beta,map_corr,dealer_convention
2026-08-26T22:38:23.536895+00:00,2026-08-26,copper,Copper,HG,etf_proxy,CPER,40.06,6.712,3237596.8279525945,4121001.560460327,-883404.7325077332,,7.152411760469438,6.702978217023933,0.3433831797045097,62608,118,0.8973600342399494,0.9124179938115444,long_calls_short_puts
2026-08-26T22:38:23.536895+00:00,2026-08-26,corn,Corn,ZC,etf_proxy,CORN,20.03,535.75,4665122.18566519,4781388.206427373,-116266.02076218268,,595.5541396611387,504.7760990822296,0.2543406286040117,105417,70,1.128058781677049,0.85325302799548,long_calls_short_puts
2026-08-26T22:38:23.536895+00:00,2026-08-26,crude,WTI Crude Oil,CL,etf_proxy,USO,127.35,81.82,5682163.705933601,51408061.86922484,-45725898.16329124,81.18556477327778,86.15922873686048,80.28740390576024,0.5851732211749473,372186,842,1.0152212406487988,0.8951002929504588,long_calls_short_puts
2026-08-26T22:38:23.536895+00:00,2026-08-26,gold,Gold,GC,etf_proxy,GLD,421.32,4662.3,731912738.9498389,1098477138.305563,-366564399.35572416,4372.936243588027,4699.55685408894,4648.929417475019,0.3600160643124861,488634,1087,0.9152305867525984,0.920064892225474,long_calls_short_puts
2026-08-26T22:38:23.536895+00:00,2026-08-26,natgas,Natural Gas,NG,etf_proxy,UNG,10.41,2.905,1233210.0554691665,1976624.9150333183,-743414.8595641523,2.650867917559657,2.9316565119296105,2.783744630188716,0.4804745132193853,84947,124,1.0610871265475517,0.6251721789819662,long_calls_short_puts
2026-08-26T22:38:23.536895+00:00,2026-08-26,silver,Silver,SI,etf_proxy,SLV,61.59,68.645,91773240.54947571,148432726.8730322,-56659486.32355652,61.21524214647265,70.16011568092338,66.93498595437006,0.5357509177203346,1530266,877,0.9645019294678564,0.9078299913566832,long_calls_short_puts
2026-08-26T22:38:23.536895+00:00,2026-08-26,soybeans,Soybeans,ZS,etf_proxy,SOYB,26.75,1261.5,765170.0305913836,812714.0772669523,-47544.04667556864,982.997322324028,1330.916894955731,949.750828019373,0.2112672107608286,9124,47,1.1729049072267772,0.9246270718522768,long_calls_short_puts
2026-08-26T22:38:23.536895+00:00,2026-08-26,wheat,Chicago Wheat,ZW,etf_proxy,WEAT,26.99,748.25,7253907.903587518,7606349.781608935,-352441.87802141823,,843.1515392499554,686.2471787097376,0.3221798822113204,164036,86,1.1293717851266751,0.95221521324915,long_calls_short_puts
2026-08-28T21:51:41.575562+00:00,2026-08-28,copper,Copper,HG,etf_proxy,CPER,39.67,6.64,3353632.9572677324,4271849.455615542,-918216.4983478104,,6.689630788536918,6.539105600064039,0.3336232244539708,64342,119,0.8989042951498706,0.913069433012747,long_calls_short_puts
2026-08-28T21:51:41.575562+00:00,2026-08-28,corn,Corn,ZC,etf_proxy,CORN,19.95,536.25,4618491.322039931,4764043.968492691,-145552.64645275957,,537.7231968816313,508.3275405781532,0.2582236082236191,103786,72,1.0960091327427488,0.8485713900583616,long_calls_short_puts
2026-08-28T21:51:41.575562+00:00,2026-08-28,crude,WTI Crude Oil,CL,etf_proxy,USO,129.7,83.44,12100706.527514623,74151823.02110696,-62051116.49359232,82.26617878422536,86.24814011110475,77.11051382249262,0.4802116218843177,609765,879,1.0148692899558756,0.8953154338207084,long_calls_short_puts
2026-08-28T21:51:41.575562+00:00,2026-08-28,gold,Gold,GC,etf_proxy,GLD,408.89,4504.1,1573078600.7219815,2114925221.6326256,-541846620.9106443,4141.306037265529,4716.319575342851,4414.450886372117,0.3015649867166089,1869308,1309,0.9146112774550764,0.9226134577770408,long_calls_short_puts
2026-08-28T21:51:41.575562+00:00,2026-08-28,natgas,Natural Gas,NG,etf_proxy,UNG,10.33,2.881,3005516.583876364,4118504.222294532,-1112987.6384181683,,3.0796112159700657,2.7834612189399985,0.4509059073284316,235405,119,1.0608327943640363,0.6245335918109238,long_calls_short_puts
2026-08-28T21:51:41.575562+00:00,2026-08-28,silver,Silver,SI,etf_proxy,SLV,60.02,67.09,56234464.06489128,122026071.71436496,-65791607.64947369,61.47622206029551,70.2971587441669,67.06845620848279,0.5052204756556696,1656804,923,0.9636686084738006,0.9081811804912564,long_calls_short_puts
2026-08-28T21:51:41.575562+00:00,2026-08-28,soybeans,Soybeans,ZS,etf_proxy,SOYB,27.2,1287.75,785462.8487761612,840112.9231646095,-54650.074388448105,992.4678620668911,1332.2347415709514,1221.444548939724,0.2178509142973414,9485,47,1.1715821073950548,0.9257693466830508,long_calls_short_puts
2026-08-28T21:51:41.575562+00:00,2026-08-28,wheat,Chicago Wheat,ZW,etf_proxy,WEAT,28.0,783.5,7486765.675974906,7827677.277104701,-340911.60112979525,,846.3082130731453,690.2852212466349,0.3418604319854559,165767,85,1.1176886517962532,0.9545748940711016,long_calls_short_puts
2026-08-31T21:33:02.642861+00:00,2026-08-31,copper,Copper,HG,etf_proxy,CPER,40.0,6.689,3752170.544371211,4702727.779184507,-950557.2348132966,,6.689,6.689,0.3316488611789968,65720,121,0.9013021049876117,0.913861976634164,long_calls_short_puts
2026-08-31T21:33:02.642861+00:00,2026-08-31,corn,Corn,ZC,etf_proxy,CORN,20.06,537.5,4747224.519348709,5083742.1347608175,-336517.6154121077,,565.0293077742136,506.596706917306,0.2566604127945579,107257,80,1.0907133541943397,0.8461584658702042,long_calls_short_puts
2026-08-31T21:33:02.642861+00:00,2026-08-31,crude,WTI Crude Oil,CL,etf_proxy,USO,133.7,86.31,56026866.80451512,85566929.07884476,-29540062.27432964,81.30349203194292,86.50666561371129,83.8850237173959,0.5404614940932475,366786,811,1.0154766283876653,0.8954908330048705,long_calls_short_puts
2026-08-31T21:33:02.642861+00:00,2026-08-31,gold,Gold,GC,etf_proxy,GLD,408.42,4497.3,130227279.98263508,484575805.5307683,-354348525.5481332,4446.7562459491855,4513.24690829062,4452.661671091091,0.2984092482128228,290006,973,0.9167362515548124,0.9226422919109176,long_calls_short_puts
2026-08-31T21:33:02.642861+00:00,2026-08-31,natgas,Natural Gas,NG,etf_proxy,UNG,10.54,2.929,1918468.648970283,2608529.004595476,-690060.3556251923,2.553856124900693,3.0647336941528365,2.477280391022143,0.477839620435967,95953,154,1.0604405247595243,0.6245914496085125,long_calls_short_puts
2026-08-31T21:33:02.642861+00:00,2026-08-31,silver,Silver,SI,etf_proxy,SLV,60.13,67.205,51215989.78521154,121899294.84965506,-70683305.06444351,62.14788268848823,70.29479885467842,67.06492030295041,0.5284420114674525,1652162,925,0.9640611357806208,0.9081684336972004,long_calls_short_puts
2026-08-31T21:33:02.642861+00:00,2026-08-31,soybeans,Soybeans,ZS,etf_proxy,SOYB,27.24,1287.75,759395.5523838686,887423.8236158937,-128028.27123202532,973.021463474146,1329.694720252895,1274.5440649248962,0.2391343501941668,10485,58,1.1647953747842912,0.9240160862483436,long_calls_short_puts
2026-08-31T21:33:02.642861+00:00,2026-08-31,wheat,Chicago Wheat,ZW,etf_proxy,WEAT,27.81,775.25,7377232.823770332,7748871.937134078,-371639.11336374586,,843.0733347223544,689.0611878188511,0.3437059257240288,162238,90,1.106418113932211,0.954717263243788,long_calls_short_puts
2026-09-01T21:35:28.494799+00:00,2026-09-01,copper,Copper,HG,etf_proxy,CPER,39.07,6.534,3218386.973355952,4310322.973661873,-1091936.0003059208,,6.673320082122417,6.523499794428418,0.345066972347031,65773,121,0.8968584217063326,0.9135978479984116,long_calls_short_puts
2026-09-01T21:35:28.494799+00:00,2026-09-01,corn,Corn,ZC,etf_proxy,CORN,20.29,545.5,4642659.037149788,4999756.92351161,-357097.8863618227,,566.5339119400791,507.4732015081613,0.2503503234489497,106683,80,1.1000123083145943,0.8469915120160594,long_calls_short_puts
2026-09-01T21:35:28.494799+00:00,2026-09-01,crude,WTI Crude Oil,CL,etf_proxy,USO,141.0,90.68,80812710.71945173,102453534.07720564,-21640823.35775393,81.58718693509891,93.29176320520244,83.50349984952729,0.6144572161636157,423200,816,1.0150548938101698,0.8964673846150878,long_calls_short_puts
2026-09-01T21:35:28.494799+00:00,2026-09-01,gold,Gold,GC,etf_proxy,GLD,396.75,4375.7,-67547149.593815,347010174.558054,-414557324.15186894,4400.742262456864,4508.809507104726,4368.15394289415,0.3416379247217799,502438,1039,0.9122043910457344,0.921277469642257,long_calls_short_puts
2026-09-01T21:35:28.494799+00:00,2026-09-01,natgas,Natural Gas,NG,etf_proxy,UNG,10.58,2.946,2693344.506826722,3412114.3731191554,-718769.866292433,2.588243715702349,3.07017806153418,2.7750086789071804,0.4962437556376179,104333,156,1.0605549784584705,0.6246503381078582,long_calls_short_puts
2026-09-01T21:35:28.494799+00:00,2026-09-01,silver,Silver,SI,etf_proxy,SLV,57.92,64.66,19157205.055532403,97823631.51609066,-78666426.46055827,62.52066118241896,70.11219164720504,61.51811908543644,0.5350931889146505,1651300,992,0.9629120924609916,0.9079602557138708,long_calls_short_puts
2026-09-01T21:35:28.494799+00:00,2026-09-01,soybeans,Soybeans,ZS,etf_proxy,SOYB,27.78,1318.5,810697.8932991634,926758.028069456,-116060.13477029222,979.1907942098122,1330.7542593822516,1275.188867928238,0.2558798639265133,10588,58,1.1727895888700552,0.92516305514948,long_calls_short_puts
2026-09-01T21:35:28.494799+00:00,2026-09-01,wheat,Chicago Wheat,ZW,etf_proxy,WEAT,28.0,781.0,7582049.765149309,7988574.728314848,-406524.9631655388,,843.1065099897847,688.754806638315,0.3419069391427192,164574,90,1.1090732259993306,0.9528316360052624,long_calls_short_puts
2026-09-02T21:35:36.930142+00:00,2026-09-02,copper,Copper,HG,etf_proxy,CPER,39.53,6.607,3419003.9955550022,4495775.116810411,-1076771.1212554092,,6.677570243801003,6.527318893426758,0.3439066125620259,65518,121,0.8988894060996052,0.9143741901030956,long_calls_short_puts
2026-09-02T21:35:36.930142+00:00,2026-09-02,corn,Corn,ZC,etf_proxy,CORN,20.22,542.5,4645599.320065136,5044495.05762785,-398895.7375627158,,565.0159999215621,507.4129756233238,0.2554042467603017,106378,79,1.0743916240828342,0.8426425860569146,long_calls_short_puts
2026-09-02T21:35:36.930142+00:00,2026-09-02,crude,WTI Crude Oil,CL,etf_proxy,USO,141.15,90.63,66988208.64380732,96570366.15105549,-29582157.50724814,82.54285600428653,93.13710553170657,83.37465898160384,0.596035900584472,424041,739,1.014001505815455,0.8959961337506347,long_calls_short_puts
2026-09-02T21:35:36.930142+00:00,2026-09-02,gold,Gold,GC,etf_proxy,GLD,402.78,4434.3,1089387453.5144248,1838235881.09643,-748848427.5820048,4234.167305582535,4707.703982175297,4406.290188662479,0.3440097175392593,1874982,1271,0.9149142460015686,0.9225161249049176,long_calls_short_puts
2026-09-02T21:35:36.930142+00:00,2026-09-02,natgas,Natural Gas,NG,etf_proxy,UNG,10.75,2.999,2629197.080966913,3223102.832235339,-593905.7512684263,2.5781606840109244,3.0730786798583174,2.777407743645023,0.503315675630633,100243,143,1.0613961725407104,0.6247111571966237,long_calls_short_puts
2026-09-02T21:35:36.930142+00:00,2026-09-02,silver,Silver,SI,etf_proxy,SLV,59.07,65.93,47490971.01038697,120227930.40740436,-72736959.39701739,62.72446585418403,66.92925156643345,61.54994033561796,0.5462578727588103,1683859,891,0.9629457014706476,0.9080804329439714,long_calls_short_puts
2026-09-02T21:35:36.930142+00:00,2026-09-02,soybeans,Soybeans,ZS,etf_proxy,SOYB,27.62,1308.75,875380.6518782106,1012353.5152001572,-136972.8633219467,990.2013843772836,1329.658552373342,1274.7349489531132,0.2313623811600956,10916,58,1.1599296262030194,0.9242708478840698,long_calls_short_puts
2026-09-02T21:35:36.930142+00:00,2026-09-02,wheat,Chicago Wheat,ZW,etf_proxy,WEAT,27.86,774.75,7298211.343544676,7886984.052312389,-588772.7087677137,,840.6894014408118,717.8623299424096,0.3422717469487717,165903,90,1.1037283749034137,0.9537511357659874,long_calls_short_puts
2026-09-03T21:34:43.421492+00:00,2026-09-03,copper,Copper,HG,etf_proxy,CPER,39.91,6.67,3584783.627955652,4641333.548882379,-1056549.9209267264,,6.683492939316828,6.533394253720132,0.3373112287610252,65720,122,0.8971607626561237,0.9119581261074228,long_calls_short_puts
2026-09-03T21:34:43.421492+00:00,2026-09-03,corn,Corn,ZC,etf_proxy,CORN,20.17,539.25,4555480.223760325,4956231.180332863,-400750.95657253766,,563.1928358300441,505.6291009073134,0.2506708628177076,106435,79,1.077287770573451,0.844341250693958,long_calls_short_puts
2026-09-03T21:34:43.421492+00:00,2026-09-03,crude,WTI Crude Oil,CL,etf_proxy,USO,142.09,91.67,67512812.23948666,130692372.05118248,-63179559.81169584,85.22941498552802,93.57410234831968,90.30278689414013,0.5658100349725383,770723,927,1.0140780830182945,0.8958939885153037,long_calls_short_puts
2026-09-03T21:34:43.421492+00:00,2026-09-03,gold,Gold,GC,etf_proxy,GLD,410.22,4520.3,2313841989.555341,3043457944.886561,-729615955.3312192,4222.948508508329,4719.515807274749,4417.053613054349,0.3585120679252022,2205113,1367,0.9158287445781188,0.9208800633597408,long_calls_short_puts
2026-09-03T21:34:43.421492+00:00,2026-09-03,natgas,Natural Gas,NG,etf_proxy,UNG,10.49,2.925,4259247.543838639,5453039.1291781645,-1193791.5853395257,,3.0759066973059084,2.780422842093392,0.4679134617508863,266676,162,1.0596633151532555,0.6244045602051892,long_calls_short_puts
2026-09-03T21:34:43.421492+00:00,2026-09-03,silver,Silver,SI,etf_proxy,SLV,60.55,67.585,80677313.64287075,152122562.82860768,-71445249.18573694,62.95339971574685,70.21681092416708,66.99365059466268,0.5582156954963242,1720270,950,0.9631020383039248,0.9075438649191372,long_calls_short_puts
2026-09-03T21:34:43.421492+00:00,2026-09-03,soybeans,Soybeans,ZS,etf_proxy,SOYB,27.79,1314.5,832668.0521460848,963218.0673917088,-130550.015245624,978.0134090508914,1326.0855677239051,1271.0467495895375,0.2390921953530431,10387,58,1.1656143280827769,0.926559358868948,long_calls_short_puts
2026-09-03T21:34:43.421492+00:00,2026-09-03,wheat,Chicago Wheat,ZW,etf_proxy,WEAT,27.12,752.25,6684603.364092841,7384734.606507337,-700131.2424144951,,840.3076009964221,718.2442478202697,0.3451680833397901,160035,94,1.0968371901330476,0.9518848788788624,long_calls_short_puts
2026-09-04T21:35:02.029414+00:00,2026-09-04,copper,Copper,HG,etf_proxy,CPER,39.95,6.668,3802933.452417425,4852427.632529398,-1049494.1801119738,,6.675475815823011,6.525772792334257,0.33583355138066,66032,122,0.8958557244222705,0.9124475600552624,long_calls_short_puts
2026-09-04T21:35:02.029414+00:00,2026-09-04,corn,Corn,ZC,etf_proxy,CORN,20.07,536.75,4535595.883467882,4951113.006415046,-415517.1229471636,,592.3802215883419,506.0764185032703,0.2533420863227381,105567,79,1.0740605786420705,0.8394841198832188,long_calls_short_puts
2026-09-04T21:35:02.029414+00:00,2026-09-04,crude,WTI Crude Oil,CL,etf_proxy,USO,141.96,91.22,36674132.233534776,96127360.22740534,-59453227.993870586,87.33066996941287,93.20023052275806,83.43506328595656,0.5257876605989222,689193,783,1.013573888734012,0.8956197835214346,long_calls_short_puts
2026-09-04T21:35:02.029414+00:00,2026-09-04,gold,Gold,GC,etf_proxy,GLD,406.77,4477.2,1718587379.4331665,2319295525.642936,-600708146.2097697,4190.8071167998005,4559.911976506826,4409.053104341095,0.330957258353769,2031546,1411,0.9138749842364112,0.9214462210420268,long_calls_short_puts
2026-09-04T21:35:02.029414+00:00,2026-09-04,natgas,Natural Gas,NG,etf_proxy,UNG,10.56,2.939,3289504.569073418,4384795.85944682,-1095291.2903734024,,3.0689839891327604,2.774038201917089,0.4380194936015943,251313,136,1.0601434773158367,0.6245528143823713,long_calls_short_puts
2026-09-04T21:35:02.029414+00:00,2026-09-04,silver,Silver,SI,etf_proxy,SLV,59.82,66.82,49965210.34940022,119285309.54514916,-69320099.1957489,62.58579643629868,67.01348428254654,65.93829324763506,0.5334375344534225,1592807,819,0.9623602863605638,0.9076356605575988,long_calls_short_puts
2026-09-04T21:35:02.029414+00:00,2026-09-04,soybeans,Soybeans,ZS,etf_proxy,SOYB,27.65,1310.25,830475.5220540392,975797.5502603748,-145322.0282063355,996.0317810715968,1329.533280146031,1274.542983169326,0.2136231666341632,10360,58,1.161480064125574,0.9246577372735036,long_calls_short_puts
2026-09-04T21:35:02.029414+00:00,2026-09-04,wheat,Chicago Wheat,ZW,etf_proxy,WEAT,26.49,732.75,6432231.498469429,7248742.932730833,-816511.4342614049,,840.0559980851815,717.8769066051935,0.3378690286547365,160568,94,1.098319443279201,0.9538527315885642,long_calls_short_puts
2026-09-07T21:36:26.436704+00:00,2026-09-07,copper,Copper,HG,etf_proxy,CPER,39.95,6.6825,3782612.487880078,4837290.651742398,-1054678.1638623197,,6.689991325606504,6.539977558610034,0.3519128893833476,66040,125,0.8957664689807064,0.9133861559739436,long_calls_short_puts
2026-09-07T21:36:26.436704+00:00,2026-09-07,corn,Corn,ZC,etf_proxy,CORN,20.07,536.75,4527958.306255417,4946188.579310283,-418230.2730548669,,592.8259500927957,505.8493356203357,0.2602324826404447,105614,82,1.0822525189128982,0.8620950530180556,long_calls_short_puts
2026-09-07T21:36:26.436704+00:00,2026-09-07,crude,WTI Crude Oil,CL,etf_proxy,USO,141.96,91.48,37350964.002557,100379154.64581604,-63028190.643259056,87.77793659557588,93.46582474370967,83.67305993895503,0.5917274684169638,707386,994,1.0135486738779298,0.8955866600790792,long_calls_short_puts
2026-09-07T21:36:26.436704+00:00,2026-09-07,gold,Gold,GC,etf_proxy,GLD,406.77,4476.6,66117963.22676281,267217211.56283057,-201099248.3360677,4446.386478267103,4710.063872938724,4458.7658103104495,0.3771225501833981,193808,809,0.9153784079345938,0.9215601003170992,long_calls_short_puts
2026-09-07T21:36:26.436704+00:00,2026-09-07,natgas,Natural Gas,NG,etf_proxy,UNG,10.56,2.975,3244991.5405462217,4383452.040291261,-1138460.4997450395,,3.1066309807739696,2.807951448276945,0.4726406577922028,252706,168,1.0605756675854936,0.6245193758056401,long_calls_short_puts
2026-09-07T21:36:26.436704+00:00,2026-09-07,silver,Silver,SI,etf_proxy,SLV,59.82,66.748,49922105.89936994,119695099.54053116,-69772993.64116123,62.49133006877407,70.16053283829241,65.86695417998877,0.6015551366264213,1594510,890,0.9626783083323084,0.9077685742151994,long_calls_short_puts
2026-09-07T21:36:26.436704+00:00,2026-09-07,soybeans,Soybeans,ZS,etf_proxy,SOYB,27.65,1309.75,809000.5178569558,975123.866203157,-166123.34834620127,1002.1358617887424,1329.0994182443762,1273.9233725804588,0.2229773554465613,10586,62,1.1658763297792292,0.9262116081170833,long_calls_short_puts
2026-09-07T21:36:26.436704+00:00,2026-09-07,wheat,Chicago Wheat,ZW,etf_proxy,WEAT,26.49,734.0,6433512.819382871,7243001.80837226,-809488.9889893892,,842.4577445090142,718.977404417646,0.3474573767824355,160772,97,1.1075656245261196,0.95729059678774,long_calls_short_puts
2026-09-08T21:35:08.973990+00:00,2026-09-08,copper,Copper,HG,etf_proxy,CPER,40.57,6.777,4137089.034997088,5238797.681586986,-1101708.646589898,,7.14055178900809,6.691406058170816,0.366453308773027,66523,124,0.8983052442216765,0.9129833201570962,long_calls_short_puts
2026-09-08T21:35:08.973990+00:00,2026-09-08,corn,Corn,ZC,etf_proxy,CORN,19.97,532.75,4248558.2832603175,4721309.24650939,-472750.96324907365,,533.6095474506488,505.0101776140832,0.2705164620029007,105430,83,1.0739377312229836,0.840292626182387,long_calls_short_puts
2026-09-08T21:35:08.973990+00:00,2026-09-08,crude,WTI Crude Oil,CL,etf_proxy,USO,146.03,94.25,65844132.2654376,119224971.68997107,-53380839.42453349,88.90287218084474,96.84780300608432,87.03757700659793,0.6139834915251472,719372,1001,1.0136696788899366,0.8958751771035319,long_calls_short_puts
2026-09-08T21:35:08.973990+00:00,2026-09-08,gold,Gold,GC,etf_proxy,GLD,399.72,4400.0,-33353218.65853448,180348852.9003257,-213702071.5588601,4417.860242664358,4503.268010102001,4352.508542419555,0.4020909047078616,195945,697,0.913596138548432,0.9211531520400827,long_calls_short_puts
2026-09-08T21:35:08.973990+00:00,2026-09-08,natgas,Natural Gas,NG,etf_proxy,UNG,10.46,2.905,3209754.6700433013,4627417.221251593,-1417662.551208291,,3.064355888115555,2.769646363817667,0.4654632391958299,257192,172,1.060933378336481,0.6245840517025452,long_calls_short_puts
2026-09-08T21:35:08.973990+00:00,2026-09-08,silver,Silver,SI,etf_proxy,SLV,59.37,66.375,37443690.33329466,122885891.75417666,-85442201.42088197,63.86626592281608,67.05268700043706,65.97686734678823,0.5938776129637182,1654664,900,0.9623599569439116,0.9075809192258076,long_calls_short_puts
2026-09-08T21:35:08.973990+00:00,2026-09-08,soybeans,Soybeans,ZS,etf_proxy,SOYB,27.82,1316.75,849336.8373576764,1009715.4012443332,-160378.563886657,1028.022262596386,1326.7209133891445,1271.466315725567,0.236692543057325,10670,63,1.1697102323659891,0.924906665650633,long_calls_short_puts
2026-09-08T21:35:08.973990+00:00,2026-09-08,wheat,Chicago Wheat,ZW,etf_proxy,WEAT,26.96,747.25,6861164.422204733,7576347.708705093,-715183.2865003601,,841.7698178815033,717.6487926011383,0.3407993703828442,160944,97,1.11478237856895,0.9547157460555884,long_calls_short_puts
2026-09-09T21:35:54.388232+00:00,2026-09-09,copper,Copper,HG,etf_proxy,CPER,41.05,6.8525,4672713.925646583,5745612.620829341,-1072898.6951827584,,7.144028515027319,6.694939659767946,0.369599263959334,68080,124,0.8977360997744844,0.9135292509776032,long_calls_short_puts
2026-09-09T21:35:54.388232+00:00,2026-09-09,corn,Corn,ZC,etf_proxy,CORN,19.83,528.25,4288289.552045694,4782288.293922424,-493998.741876732,,533.0981758976446,504.6218466223834,0.2710650521109116,105528,83,1.0702426620919752,0.8431437578681206,long_calls_short_puts
2026-09-09T21:35:54.388232+00:00,2026-09-09,crude,WTI Crude Oil,CL,etf_proxy,USO,149.97,96.67,66492483.550509885,115150708.27272028,-48658224.7222104,89.29134520338188,96.68959922248344,90.15952586738592,0.6243182404690291,723787,903,1.013513817870204,0.8955856407389752,long_calls_short_puts
2026-09-09T21:35:54.388232+00:00,2026-09-09,gold,Gold,GC,etf_proxy,GLD,403.35,4447.2,1380844312.7865834,1969184652.4000783,-588340339.6134951,4215.401449548198,4564.5109279181015,4413.413454949176,0.4064467888517248,1849304,912,0.9144070621755128,0.9214303736911564,long_calls_short_puts
2026-09-09T21:35:54.388232+00:00,2026-09-09,natgas,Natural Gas,NG,etf_proxy,UNG,10.09,2.808,2329415.6779401214,4049694.3245830657,-1720278.6466429438,,3.077407004683259,2.781433676328243,0.4912923614977128,246723,147,1.0609659465189545,0.6248706034917996,long_calls_short_puts
2026-09-09T21:35:54.388232+00:00,2026-09-09,silver,Silver,SI,etf_proxy,SLV,60.72,67.925,60531307.858466886,131126889.21335718,-70595581.35489029,63.9350239586027,70.37823283142372,67.14958326711799,0.6117282057012896,1619417,790,0.9625158362917328,0.9077017444541632,long_calls_short_puts
2026-09-09T21:35:54.388232+00:00,2026-09-09,soybeans,Soybeans,ZS,etf_proxy,SOYB,27.66,1308.75,794219.2473178334,943618.832382154,-149399.58506432085,1012.7401845117166,1327.4657207259302,1272.5262687208012,0.2562572030718774,10683,64,1.162229220795501,0.923712636224446,long_calls_short_puts
2026-09-09T21:35:54.388232+00:00,2026-09-09,wheat,Chicago Wheat,ZW,etf_proxy,WEAT,26.28,728.75,6278688.115983783,7121329.0829801895,-842640.9669964062,,842.5373166685729,720.2451787955487,0.3501341908249946,161248,97,1.0959143907769402,0.9531782326239592,long_calls_short_puts
2026-09-10T21:34:56.388660+00:00,2026-09-10,copper,Copper,HG,etf_proxy,CPER,39.04,6.526,3307963.70858832,4648853.076129799,-1340889.3675414787,,6.669574797646956,6.520009793156472,0.3816354983792994,68617,125,0.8958212920948982,0.9158382882167748,long_calls_short_puts
2026-09-10T21:34:56.388660+00:00,2026-09-10,corn,Corn,ZC,etf_proxy,CORN,20.01,533.5,4277531.156196,4780156.128142592,-502624.9719465916,,591.8631671730948,504.0855685280801,0.2582849363084721,105557,83,1.0949906885540366,0.8497499792003439,long_calls_short_puts
2026-09-10T21:34:56.388660+00:00,2026-09-10,crude,WTI Crude Oil,CL,etf_proxy,USO,158.38,103.93,71903726.33099517,111664389.47586869,-39760663.14487352,92.85309700087372,105.01283534154337,91.65938365344772,0.7361589792235339,765593,964,1.0185112771822626,0.8965592483618318,long_calls_short_puts
2026-09-10T21:34:56.388660+00:00,2026-09-10,gold,Gold,GC,etf_proxy,GLD,396.36,4358.5,292516385.2642844,1429754334.947302,-1137237949.6830173,4305.090222637603,4545.279894846413,4324.751252788522,0.4336130898061086,1974580,1025,0.913083910256442,0.9214724403820488,long_calls_short_puts
2026-09-10T21:34:56.388660+00:00,2026-09-10,natgas,Natural Gas,NG,etf_proxy,UNG,10.19,2.84,2785053.412090823,4556894.073683809,-1771840.6615929846,,3.080096966583571,2.783846153766171,0.4896913076682784,263814,159,1.0610367042550262,0.6242324332763152,long_calls_short_puts
2026-09-10T21:34:56.388660+00:00,2026-09-10,silver,Silver,SI,etf_proxy,SLV,57.5,64.09,1242818.8112275396,88696876.85979983,-87454058.0485723,63.993870019768494,66.77184158815339,61.40386180640642,0.6620125841015972,1629009,854,0.9631927733543312,0.908383394906727,long_calls_short_puts
2026-09-10T21:34:56.388660+00:00,2026-09-10,soybeans,Soybeans,ZS,etf_proxy,SOYB,28.14,1331.75,794612.0678168465,948295.4162310818,-153683.34841423552,1018.1480080109316,1435.5790785614156,1268.6923153265357,0.2603212743208268,10450,64,1.1729404424922665,0.9268850902064276,long_calls_short_puts
2026-09-10T21:34:56.388660+00:00,2026-09-10,wheat,Chicago Wheat,ZW,etf_proxy,WEAT,26.71,741.5,7022947.423450035,7681055.068649071,-658107.6451990355,,843.7512999374412,688.8993295946332,0.3522995210357484,161316,97,1.112115522554496,0.9553898216155148,long_calls_short_puts
2026-09-11T21:33:32.068326+00:00,2026-09-11,copper,Copper,HG,etf_proxy,CPER,39.18,6.557,3428877.734401053,4885202.297507712,-1456324.5631066598,,6.680691806873388,6.52981443571922,0.3878940681435149,68886,123,0.9022511116919294,0.9162635168547852,long_calls_short_puts
2026-09-11T21:33:32.068326+00:00,2026-09-11,corn,Corn,ZC,etf_proxy,CORN,19.92,532.0,4288574.974903093,4774755.099523771,-486180.12462067866,,534.3237413073203,505.33637511404896,0.267938611150166,105889,83,1.087425094943124,0.8507851109336346,long_calls_short_puts
2026-09-11T21:33:32.068326+00:00,2026-09-11,crude,WTI Crude Oil,CL,etf_proxy,USO,154.9,99.99,28069529.932152413,86650277.77128856,-58580747.83913615,94.96331095833916,103.33378826958187,90.23084234415506,0.6785132074176599,714426,811,1.0154399445726838,0.8970020180071182,long_calls_short_puts
2026-09-11T21:33:32.068326+00:00,2026-09-11,gold,Gold,GC,etf_proxy,GLD,398.77,4390.0,789655079.7329671,1467233772.8746407,-677578693.1416737,4277.434331685199,4552.806240525488,4301.787110014387,0.3822422304114866,1946679,1090,0.912789793837897,0.921409919548206,long_calls_short_puts
2026-09-11T21:33:32.068326+00:00,2026-09-11,natgas,Natural Gas,NG,etf_proxy,UNG,10.17,2.82,2926464.776637198,4597506.483248702,-1671041.7066115052,,3.064803926394895,2.770006764974441,0.4768120388647876,262042,132,1.0611021121960444,0.6242279494316532,long_calls_short_puts
2026-09-11T21:33:32.068326+00:00,2026-09-11,silver,Silver,SI,etf_proxy,SLV,58.12,65.02,8887898.171624659,88333276.66610056,-79445378.4944759,64.41329800096638,67.04364038536956,64.89074947986272,0.6011395610131198,1539907,741,0.9627487889312318,0.9083243521370412,long_calls_short_puts
2026-09-11T21:33:32.068326+00:00,2026-09-11,soybeans,Soybeans,ZS,etf_proxy,SOYB,27.5,1299.0,755667.9041984717,954858.7947047248,-199190.89050625308,1019.3251679380968,1326.088231190725,1271.9832973608695,0.2583675736828356,10627,63,1.145416373073603,0.92320418345122,long_calls_short_puts
2026-09-11T21:33:32.068326+00:00,2026-09-11,wheat,Chicago Wheat,ZW,etf_proxy,WEAT,26.25,726.25,6707638.594552076,7465051.346458994,-757412.7519069165,,841.0270703675758,718.6532824306307,0.3446077024165027,161972,98,1.0988392820108992,0.9549203892532764,long_calls_short_puts
2026-09-14T21:37:18.618029+00:00,2026-09-14,copper,Copper,HG,etf_proxy,CPER,38.26,6.398,3029752.1346051777,4510335.68631364,-1480583.5517084626,,6.658864721060103,6.358918079575753,0.4239422234180085,69349,124,0.8985727795829196,0.9160728896647498,long_calls_short_puts
2026-09-14T21:37:18.618029+00:00,2026-09-14,corn,Corn,ZC,etf_proxy,CORN,20.02,534.0,4603700.61513806,5178512.946340164,-574812.3312021035,,563.3306745138557,503.6530478509465,0.2767279693649463,106805,84,1.1188578728031453,0.9014388036004776,long_calls_short_puts
2026-09-14T21:37:18.618029+00:00,2026-09-14,crude,WTI Crude Oil,CL,etf_proxy,USO,156.66,101.89,49408536.7988026,117948089.47840032,-68539552.67959774,96.71296137832854,104.09713118457658,90.89225213533884,0.7445811087338234,785223,1152,1.015863399562688,0.8969583219430703,long_calls_short_puts
2026-09-14T21:37:18.618029+00:00,2026-09-14,gold,Gold,GC,etf_proxy,GLD,392.84,4340.0,348680225.12564725,970438288.4475182,-621758063.3218707,4271.33079374914,4563.108541116238,4311.32914947655,0.5022673058215199,1708837,935,0.9135074506858286,0.921509467234442,long_calls_short_puts
2026-09-14T21:37:18.618029+00:00,2026-09-14,natgas,Natural Gas,NG,etf_proxy,UNG,10.33,2.884,3403983.8204636616,4984724.425280144,-1580740.6048164812,,3.082870974154576,2.7863349293667303,0.4968919502114106,268198,162,1.061106071091418,0.6238272977082305,long_calls_short_puts
2026-09-14T21:37:18.618029+00:00,2026-09-14,silver,Silver,SI,etf_proxy,SLV,56.84,63.755,-6240117.314103259,72962053.30574356,-79202170.6198468,64.30767508976173,67.1622644480084,61.7677542683119,0.748810584716106,1518324,720,0.9622890598079696,0.9082778242341284,long_calls_short_puts
2026-09-14T21:37:18.618029+00:00,2026-09-14,soybeans,Soybeans,ZS,etf_proxy,SOYB,27.69,1305.0,750622.6473583973,974716.5056230988,-224093.8582647015,1030.9857368374196,1322.1181762922415,1267.0159418238086,0.2721834538187996,10510,66,1.1705637485558618,0.9336579117383976,long_calls_short_puts
2026-09-14T21:37:18.618029+00:00,2026-09-14,wheat,Chicago Wheat,ZW,etf_proxy,WEAT,26.17,722.0,6828626.051503829,7588333.374024219,-759707.3225203914,,839.3279940362041,716.8311277375685,0.3489237495086621,162738,98,1.1024482725362337,0.963343065895352,long_calls_short_puts
2026-09-15T21:35:06.382540+00:00,2026-09-15,copper,Copper,HG,etf_proxy,CPER,38.67,6.459,3032917.023363385,4632523.906479075,-1599606.883115691,,6.659238366131639,6.357875777926309,0.4326352436192016,69554,123,0.902862542655349,0.9168209945937515,long_calls_short_puts
2026-09-15T21:35:06.382540+00:00,2026-09-15,corn,Corn,ZC,etf_proxy,CORN,20.04,535.75,4545974.747996273,5137688.358017101,-591713.610020829,,564.3454443478125,504.9434250434168,0.2772192605223437,107314,84,1.1112741526125232,0.8960350248017628,long_calls_short_puts
2026-09-15T21:35:06.382540+00:00,2026-09-15,crude,WTI Crude Oil,CL,etf_proxy,USO,161.86,105.48,79412582.4404367,147021386.61938685,-67608804.17895018,99.60803995390133,107.56043725225564,97.62817549167715,0.7993012484854448,869269,1150,1.0165415878011204,0.8973094105336242,long_calls_short_puts
2026-09-15T21:35:06.382540+00:00,2026-09-15,gold,Gold,GC,etf_proxy,GLD,394.15,4333.4,429697419.8147048,1109122542.431227,-679425122.6165223,4271.447927192969,4540.27372130783,4292.100822044026,0.5592115242878399,1730541,894,0.9047058540433482,0.917780485516688,long_calls_short_puts
2026-09-15T21:35:06.382540+00:00,2026-09-15,natgas,Natural Gas,NG,etf_proxy,UNG,10.54,2.944,3288353.01437616,5274995.004648636,-1986641.9902724763,,3.0805541062236625,2.784164868051514,0.4716127038475617,293691,168,1.0613926557006956,0.623842000348303,long_calls_short_puts
2026-09-15T21:35:06.382540+00:00,2026-09-15,silver,Silver,SI,etf_proxy,SLV,57.53,64.185,-5720253.277578439,83904345.72271174,-89624599.00029019,64.50316949369218,66.83523964850254,61.46594996599859,0.772540265838417,1575985,800,0.9624846955757552,0.9083845207413828,long_calls_short_puts
2026-09-15T21:35:06.382540+00:00,2026-09-15,soybeans,Soybeans,ZS,etf_proxy,SOYB,27.95,1319.25,735810.8708380586,937315.485988277,-201504.6151502184,1020.6458583197932,1322.0185484330768,1266.8117445212963,0.2994443362587292,10509,66,1.172923521288556,0.9320807082280332,long_calls_short_puts
2026-09-15T21:35:06.382540+00:00,2026-09-15,wheat,Chicago Wheat,ZW,etf_proxy,WEAT,26.32,727.75,7239701.293087084,7857123.013503097,-617421.7204160114,,841.0941792882116,687.490488813248,0.3494736151850042,162986,95,1.1060438882953647,0.9638992824255648,long_calls_short_puts
2026-09-16T21:37:19.017694+00:00,2026-09-16,copper,Copper,HG,etf_proxy,CPER,38.59,6.4415,3058022.143245056,4477653.049968787,-1419630.9067237314,,6.653284749725964,6.352655826686503,0.4691589683066006,69570,122,0.9014377942713812,0.915861694611611,long_calls_short_puts
2026-09-16T21:37:19.017694+00:00,2026-09-16,corn,Corn,ZC,etf_proxy,CORN,19.97,534.0,4478745.50904833,5250123.988273676,-771378.4792253453,,534.8912785775348,505.2631799006074,0.2761228008190952,107266,84,1.1109457380355747,0.8959844638680976,long_calls_short_puts
2026-09-16T21:37:19.017694+00:00,2026-09-16,crude,WTI Crude Oil,CL,etf_proxy,USO,156.17,102.02,32738541.702168666,129998954.80034924,-97260413.0981806,99.3515723598584,104.56536402371393,97.92176376576862,0.7743468281520085,834276,1052,1.017121818765881,0.8978101518422562,long_calls_short_puts
2026-09-16T21:37:19.017694+00:00,2026-09-16,gold,Gold,GC,etf_proxy,GLD,391.74,4302.5,-2902117.3395418897,785620966.031854,-788523083.3713962,4302.835391295979,4384.543268144797,4285.196482668111,0.5814509843665685,1814479,1043,0.9052544374779584,0.917967217493548,long_calls_short_puts
2026-09-16T21:37:19.017694+00:00,2026-09-16,natgas,Natural Gas,NG,etf_proxy,UNG,10.36,2.892,2308940.952433408,4762987.3174936455,-2454046.365060237,,3.081846696786645,2.7855209149810025,0.4906460367007597,304522,154,1.0606851799817307,0.623640889586002,long_calls_short_puts
2026-09-16T21:37:19.017694+00:00,2026-09-16,silver,Silver,SI,etf_proxy,SLV,57.05,63.42,-8780075.397206426,73628329.67685747,-82408405.0740639,63.93129540222531,66.57165179526346,61.22623507300203,0.8308532024202446,1569243,748,0.9619783732043264,0.9078754599519128,long_calls_short_puts
2026-09-16T21:37:19.017694+00:00,2026-09-16,soybeans,Soybeans,ZS,etf_proxy,SOYB,27.97,1321.5,1346362.0522283977,1532151.0257005994,-185788.9734722013,1025.2620552871754,1323.1635545647214,1267.880162027264,0.2978093866710731,10486,66,1.173547541176208,0.9322009692186016,long_calls_short_puts
2026-09-16T21:37:19.017694+00:00,2026-09-16,wheat,Chicago Wheat,ZW,etf_proxy,WEAT,26.55,732.5,7353022.819629956,8067903.468219764,-714880.6485898076,,838.4161199231178,715.7439955310017,0.3570058732779546,163211,97,1.1054580915168324,0.9634205904055724,long_calls_short_puts
2026-09-17T21:34:51.740107+00:00,2026-09-17,copper,Copper,HG,etf_proxy,CPER,39.66,6.614,3908678.37310786,5596495.153374861,-1687816.780267001,,6.665146965925743,6.514592160117478,0.5061445248634661,69406,122,0.902423911316738,0.9168479918179452,long_calls_short_puts
2026-09-17T21:34:51.740107+00:00,2026-09-17,corn,Corn,ZC,etf_proxy,CORN,19.83,531.0,4489461.685501401,5192781.015716133,-703319.3302147317,,536.059551984237,506.3672359339797,0.2879949706467162,107218,84,1.1109267061769117,0.8959287181037212,long_calls_short_puts
2026-09-17T21:34:51.740107+00:00,2026-09-17,crude,WTI Crude Oil,CL,etf_proxy,USO,155.31,101.09,26632556.210033365,142883311.90017673,-116250755.69014338,99.69465764432915,104.19423941856788,97.5772767184042,0.7978235272091221,869768,1134,1.0166362187987206,0.8976487128476757,long_calls_short_puts
2026-09-17T21:34:51.740107+00:00,2026-09-17,gold,Gold,GC,etf_proxy,GLD,398.36,4380.6,431606200.5102064,1328687515.610969,-897081315.1007624,4345.021182959284,4396.833576390235,4297.744162325967,0.6052296918487459,1783952,1239,0.9003294642756338,0.9143476588656498,long_calls_short_puts
2026-09-17T21:34:51.740107+00:00,2026-09-17,natgas,Natural Gas,NG,etf_proxy,UNG,10.33,2.869,2721684.7275949363,4756309.912009474,-2034625.184414537,,3.0664347985815,2.7720305453610457,0.5353814881689452,282442,158,1.0590210097224044,0.6225567139061545,long_calls_short_puts
2026-09-17T21:34:51.740107+00:00,2026-09-17,silver,Silver,SI,etf_proxy,SLV,58.97,65.715,53140124.39099232,151179705.17277896,-98039580.78178662,63.46260781979972,66.81769003989342,64.6758577716765,0.7927209219186424,2127891,854,0.9610142912160204,0.9073698072994848,long_calls_short_puts
2026-09-17T21:34:51.740107+00:00,2026-09-17,soybeans,Soybeans,ZS,etf_proxy,SOYB,27.97,1319.5,786347.0906470035,988193.4814783346,-201846.3908313313,1027.552001738121,1321.1605153712112,1265.9777656071462,0.3364278477293435,10475,66,1.17317931297044,0.9321593978078792,long_calls_short_puts
2026-09-17T21:34:51.740107+00:00,2026-09-17,wheat,Chicago Wheat,ZW,etf_proxy,WEAT,26.24,725.75,6790042.026746565,7633787.348611622,-843745.321865058,,841.3719387761394,718.4257368746474,0.3697520011403668,162562,97,1.1039171700847972,0.9630026805140393,long_calls_short_puts
2026-09-18T21:35:22.620563+00:00,2026-09-18,copper,Copper,HG,etf_proxy,CPER,40.23,6.7155,2930874.202686168,3687824.117125753,-756949.9144395851,,8.1710062775268,6.680847141418608,0.3205478638563321,55001,92,0.902321713533786,0.9167618412772298,long_calls_short_puts
2026-09-18T21:35:22.620563+00:00,2026-09-18,corn,Corn,ZC,etf_proxy,CORN,19.7,527.25,4276305.077280154,4734540.089644759,-458235.0123646032,,536.1770291824852,506.4792002284273,0.2725344330267165,103178,64,1.1108884385470563,0.8961153073612562,long_calls_short_puts
2026-09-18T21:35:22.620563+00:00,2026-09-18,crude,WTI Crude Oil,CL,etf_proxy,USO,153.82,95.47,-8663750.909340069,69083071.592968,-77746822.50230807,96.61487471157282,99.37934225122164,89.89579727325193,0.5782398380189521,566057,948,1.018823668915788,0.8938563072084035,long_calls_short_puts
2026-09-18T21:35:22.620563+00:00,2026-09-18,gold,Gold,GC,etf_proxy,GLD,401.17,4415.9,41990650.90211256,302067393.1150366,-260076742.2129241,4399.727415055557,4453.87584081603,4304.9393309750885,0.3221563806348957,360523,1079,0.9012016929787232,0.9151117329576274,long_calls_short_puts
2026-09-18T21:35:22.620563+00:00,2026-09-18,natgas,Natural Gas,NG,etf_proxy,UNG,10.41,2.899,2016731.0303406147,3728705.466016633,-1711974.4356760182,,3.073203854222977,2.7782811054583405,0.4260463881602485,231873,131,1.0585248005516803,0.6223863287727033,long_calls_short_puts
2026-09-18T21:35:22.620563+00:00,2026-09-18,silver,Silver,SI,etf_proxy,SLV,59.93,66.785,47492070.70607498,96319454.18886262,-48827383.48278767,62.77812233697146,66.859986743416,65.78842431608311,0.4691376432162089,1127327,661,0.9613059066323544,0.9072720559477848,long_calls_short_puts
2026-09-18T21:35:22.620563+00:00,2026-09-18,soybeans,Soybeans,ZS,etf_proxy,SOYB,27.68,1303.0,664604.2976944707,855433.7401154591,-190829.44242098805,1041.6296907605492,1320.6909110295,1265.5247695962978,0.251371289008986,9617,47,1.173244632662616,0.9322316957508562,long_calls_short_puts
2026-09-18T21:35:22.620563+00:00,2026-09-18,wheat,Chicago Wheat,ZW,etf_proxy,WEAT,25.86,713.5,6323960.378649662,6851255.128120165,-527294.749470503,,840.6334380526881,687.3452989849341,0.3281505293441563,154034,69,1.1041969997974894,0.9629702462353834,long_calls_short_puts
2026-09-21T21:35:40.564334+00:00,2026-09-21,copper,Copper,HG,etf_proxy,CPER,40.67,6.792,3066370.571377566,3940426.4093153896,-874055.837937824,,8.182684180673784,6.691000947709869,0.3405961785110793,59160,104,0.9019160697671164,0.9150408301826212,long_calls_short_puts
2026-09-21T21:35:40.564334+00:00,2026-09-21,corn,Corn,ZC,etf_proxy,CORN,20.27,543.0,4898158.787468169,5298505.076667792,-400346.2891996219,,594.6134444488841,505.4119382086264,0.2674907717822126,107600,83,1.1086893140500722,0.8980256094207527,long_calls_short_puts
2026-09-21T21:35:40.564334+00:00,2026-09-21,crude,WTI Crude Oil,CL,etf_proxy,USO,148.16,91.97,-47176790.6919349,72003945.89390817,-119180736.58584309,96.2418125865053,93.77641153204767,89.96104391307986,0.6104089955808647,651950,1155,1.024429543401744,0.8964119858973838,long_calls_short_puts
2026-09-21T21:35:40.564334+00:00,2026-09-21,gold,Gold,GC,etf_proxy,GLD,398.38,4381.0,2445112.840918109,307374446.24085534,-304929333.39993715,4380.341315577688,4397.049282366273,4297.875872565996,0.3732054020750457,367091,1119,0.9010567109236496,0.9149215954180256,long_calls_short_puts
2026-09-21T21:35:40.564334+00:00,2026-09-21,natgas,Natural Gas,NG,etf_proxy,UNG,10.26,2.829,2012316.0968492543,4031010.243820285,-2018694.1469710304,,3.045718377122591,2.753074361332544,0.4541472096204948,229877,158,1.059892626035126,0.6223184187944495,long_calls_short_puts
2026-09-21T21:35:40.564334+00:00,2026-09-21,silver,Silver,SI,etf_proxy,SLV,59.63,66.53,49951474.11818571,103776842.81638566,-53825368.69819995,63.123142708894406,66.926596261744,61.5588263396759,0.4917394446725114,1171820,744,0.9608306411701176,0.9071208110770612,long_calls_short_puts
2026-09-21T21:35:40.564334+00:00,2026-09-21,soybeans,Soybeans,ZS,etf_proxy,SOYB,28.12,1327.0,840483.6542668872,1004953.4182937916,-164469.7640269042,1036.1414052046434,1431.6999602191936,1265.195381853828,0.2354117905491746,10047,59,1.173456284976833,0.9323661843049872,long_calls_short_puts
2026-09-21T21:35:40.564334+00:00,2026-09-21,wheat,Chicago Wheat,ZW,etf_proxy,WEAT,26.31,726.0,6857901.6206607325,7378709.947879939,-520808.3272192073,,839.1494811906857,686.2130769469725,0.333836335700537,159168,102,1.1035484379608225,0.9627532011971228,long_calls_short_puts
2026-09-22T21:35:36.241749+00:00,2026-09-22,copper,Copper,HG,etf_proxy,CPER,41.43,6.905,3371462.2367851213,4257693.90135763,-886231.6645725098,,8.183170721457676,6.689352757942555,0.3607152814986151,67321,105,0.9032865673904934,0.9157466682615948,long_calls_short_puts
2026-09-22T21:35:36.241749+00:00,2026-09-22,corn,Corn,ZC,etf_proxy,CORN,19.98,536.25,4687011.501108542,5122633.446898969,-435621.9457904279,,536.8438972336023,507.2276044562799,0.278889711813845,107318,83,1.106334306077241,0.8981612687972073,long_calls_short_puts
2026-09-22T21:35:36.241749+00:00,2026-09-22,crude,WTI Crude Oil,CL,etf_proxy,USO,144.08,89.85,-57323378.0461321,72070565.5830178,-129393943.62914988,95.03900617514294,93.628761013237,87.24779555498316,0.6706242355255037,702515,1159,1.0230813072032163,0.8978727563998664,long_calls_short_puts
2026-09-22T21:35:36.241749+00:00,2026-09-22,gold,Gold,GC,etf_proxy,GLD,400.07,4396.2,109481445.68583976,398269940.1291811,-288788494.44334126,4372.991610684995,4444.960383587152,4296.415666053616,0.3909412205148588,384194,1062,0.9006240567558643,0.9151412944374806,long_calls_short_puts
2026-09-22T21:35:36.241749+00:00,2026-09-22,natgas,Natural Gas,NG,etf_proxy,UNG,10.86,3.162,2834769.230294756,4257438.520828545,-1422669.29053379,,3.20554307454863,2.895372993325717,0.4815780157162649,241157,173,1.0677514092563145,0.626087217220023,long_calls_short_puts
2026-09-22T21:35:36.241749+00:00,2026-09-22,silver,Silver,SI,etf_proxy,SLV,60.73,67.61,73167752.8402421,128612857.8944127,-55445105.0541706,63.60575138667293,71.1063605605087,66.8284876582685,0.5089790526260182,1243667,828,0.9614000985889954,0.9072836182625126,long_calls_short_puts
2026-09-22T21:35:36.241749+00:00,2026-09-22,soybeans,Soybeans,ZS,etf_proxy,SOYB,28.08,1325.0,798528.1072213057,995917.6409041832,-197389.53368287763,1049.36627926888,1431.996035230757,1265.3669711107414,0.2667397993303988,10246,60,1.1741317249547774,0.9324541675176472,long_calls_short_puts
2026-09-22T21:35:36.241749+00:00,2026-09-22,wheat,Chicago Wheat,ZW,etf_proxy,WEAT,25.99,716.25,6787197.644095464,7372399.080485297,-585201.4363898331,,839.2893733994634,686.1678596429413,0.3358439145359287,159965,102,1.104824147700132,0.9628101786542196,long_calls_short_puts
2026-09-23T21:36:06.159761+00:00,2026-09-23,copper,Copper,HG,etf_proxy,CPER,40.61,6.792,2817202.8999795937,4002446.140399876,-1185243.2404202826,,8.187605068850198,6.7002724728148575,0.3318742068847514,60826,100,0.8984048133171658,0.9133394843232178,long_calls_short_puts
2026-09-23T21:36:06.159761+00:00,2026-09-23,corn,Corn,ZC,etf_proxy,CORN,19.76,528.75,4482891.014507518,4941972.409264246,-459081.3947567277,,535.8604430975668,506.2947078729536,0.27009700034275475,107740,77,1.1064766676115405,0.899801025221798,long_calls_short_puts
2026-09-23T21:36:06.159761+00:00,2026-09-23,crude,WTI Crude Oil,CL,etf_proxy,USO,148.83,92.71,-15053123.489465673,90881551.74067865,-105934675.23014432,93.97656787841417,93.44574354955643,87.15913239042266,0.6412947627122172,679171,1027,1.009458334785871,0.8932119590464237,long_calls_short_puts
2026-09-23T21:36:06.159761+00:00,2026-09-23,gold,Gold,GC,etf_proxy,GLD,392.88,4322.7,-241831793.84109694,281922175.7222445,-523753969.56334144,4365.702951639289,4393.071585700225,4294.198653389359,0.38146465173041877,429883,1210,0.8991180782574143,0.9149678246685372,long_calls_short_puts
2026-09-23T21:36:06.159761+00:00,2026-09-23,natgas,Natural Gas,NG,etf_proxy,UNG,10.87,3.173,2893700.3760363692,4325139.814211777,-1431439.4381754086,,3.21314268834951,2.905078706072345,0.4744609633903876,238364,160,1.057484161714977,0.6216781747847556,long_calls_short_puts
2026-09-23T21:36:06.159761+00:00,2026-09-23,silver,Silver,SI,etf_proxy,SLV,58.16,64.93,4149197.0417003008,43229322.91689559,-39080125.875195295,64.57691583934263,66.89584759533325,64.75893335369796,0.580495329054148,635359,624,0.9576328179234355,0.9062491181383726,long_calls_short_puts
2026-09-23T21:36:06.159761+00:00,2026-09-23,soybeans,Soybeans,ZS,etf_proxy,SOYB,27.99,1317.5,800303.1743030073,1000773.1392275557,-200469.96492454832,1022.2963587042223,1318.0529055604854,1262.9347401670177,0.25628402532662664,10370,59,1.1745991663165314,0.932510756576752,long_calls_short_puts
2026-09-23T21:36:06.159761+00:00,2026-09-23,wheat,Chicago Wheat,ZW,etf_proxy,WEAT,25.68,707.25,6482467.119163515,7070479.848371845,-588012.7292083314,,839.8331365960856,686.5838044468279,0.335717021103501,157619,95,1.1050527213547043,0.9631477003620269,long_calls_short_puts
